ProductID,ProductName,Category,Date,ActualStockout,PredictedStockout,RunningStock
P0001,Atque Beverage (Local),Beverages,2024-12-21,1,1,-575.8300000000002
P0001,Atque Beverage (Local),Beverages,2024-12-22,1,1,-580.9000000000002
P0001,Atque Beverage (Local),Beverages,2024-12-23,1,1,-582.5000000000002
P0001,Atque Beverage (Local),Beverages,2024-12-24,0,1,-583.7300000000002
P0001,Atque Beverage (Local),Beverages,2024-12-25,0,1,-583.7300000000002
P0001,Atque Beverage (Local),Beverages,2024-12-26,0,1,-583.7300000000002
P0001,Atque Beverage (Local),Beverages,2024-12-27,0,1,-587.8200000000003
P0001,Atque Beverage (Local),Beverages,2024-12-28,0,1,-589.8200000000003
P0001,Atque Beverage (Local),Beverages,2024-12-29,0,1,-590.7600000000003
P0001,Atque Beverage (Local),Beverages,2024-12-30,0,1,-590.7600000000003
P0002,Repellat Cleaning Supplie (Premium),Cleaning Supplies,2024-12-21,1,1,-501.6200000000003
P0002,Repellat Cleaning Supplie (Premium),Cleaning Supplies,2024-12-22,1,1,-501.7200000000003
P0002,Repellat Cleaning Supplie (Premium),Cleaning Supplies,2024-12-23,1,1,-505.5900000000003
P0002,Repellat Cleaning Supplie (Premium),Cleaning Supplies,2024-12-24,0,1,-505.69000000000034
P0002,Repellat Cleaning Supplie (Premium),Cleaning Supplies,2024-12-25,0,1,-508.50000000000034
P0002,Repellat Cleaning Supplie (Premium),Cleaning Supplies,2024-12-26,0,1,-508.50000000000034
P0002,Repellat Cleaning Supplie (Premium),Cleaning Supplies,2024-12-27,0,1,-513.6900000000004
P0002,Repellat Cleaning Supplie (Premium),Cleaning Supplies,2024-12-28,0,1,-516.3100000000004
P0002,Repellat Cleaning Supplie (Premium),Cleaning Supplies,2024-12-29,0,1,-519.3400000000004
P0002,Repellat Cleaning Supplie (Premium),Cleaning Supplies,2024-12-30,0,1,-524.9200000000004
P0003,Amul Milk 1L (Local),Dairy,2024-12-21,1,1,-569.7700000000004
P0003,Amul Milk 1L (Local),Dairy,2024-12-22,1,1,-573.7500000000005
P0003,Amul Milk 1L (Local),Dairy,2024-12-23,1,1,-573.7500000000005
P0003,Amul Milk 1L (Local),Dairy,2024-12-24,0,1,-573.7500000000005
P0003,Amul Milk 1L (Local),Dairy,2024-12-25,0,1,-575.3600000000005
P0003,Amul Milk 1L (Local),Dairy,2024-12-26,0,1,-575.3600000000005
P0003,Amul Milk 1L (Local),Dairy,2024-12-27,0,1,-575.4600000000005
P0003,Amul Milk 1L (Local),Dairy,2024-12-28,0,1,-579.5700000000005
P0003,Amul Milk 1L (Local),Dairy,2024-12-29,0,1,-579.5700000000005
P0003,Amul Milk 1L (Local),Dairy,2024-12-30,0,1,-584.9800000000005
P0004,Facere Beverage (Local),Beverages,2024-12-21,1,1,-519.1000000000001
P0004,Facere Beverage (Local),Beverages,2024-12-22,1,1,-521.3400000000001
P0004,Facere Beverage (Local),Beverages,2024-12-23,1,1,-521.3400000000001
P0004,Facere Beverage (Local),Beverages,2024-12-24,0,1,-523.7600000000001
P0004,Facere Beverage (Local),Beverages,2024-12-25,0,1,-523.7600000000001
P0004,Facere Beverage (Local),Beverages,2024-12-26,0,1,-523.7600000000001
P0004,Facere Beverage (Local),Beverages,2024-12-27,0,1,-525.69
P0004,Facere Beverage (Local),Beverages,2024-12-28,0,1,-525.69
P0004,Facere Beverage (Local),Beverages,2024-12-29,0,1,-528.12
P0004,Facere Beverage (Local),Beverages,2024-12-30,0,1,-529.28
P0005,Atque Snack (Local),Snacks,2024-12-21,1,1,-628.8300000000002
P0005,Atque Snack (Local),Snacks,2024-12-22,1,1,-633.8800000000001
P0005,Atque Snack (Local),Snacks,2024-12-23,1,1,-633.8800000000001
P0005,Atque Snack (Local),Snacks,2024-12-24,0,1,-637.8000000000001
P0005,Atque Snack (Local),Snacks,2024-12-25,0,1,-638.61
P0005,Atque Snack (Local),Snacks,2024-12-26,0,1,-638.61
P0005,Atque Snack (Local),Snacks,2024-12-27,0,1,-638.71
P0005,Atque Snack (Local),Snacks,2024-12-28,0,1,-638.71
P0005,Atque Snack (Local),Snacks,2024-12-29,0,1,-644.25
P0005,Atque Snack (Local),Snacks,2024-12-30,0,1,-644.67
P0006,Potatoes (Premium),Vegetables,2024-12-21,1,1,-584.1900000000004
P0006,Potatoes (Premium),Vegetables,2024-12-22,1,1,-589.5300000000004
P0006,Potatoes (Premium),Vegetables,2024-12-23,1,1,-589.5300000000004
P0006,Potatoes (Premium),Vegetables,2024-12-24,0,1,-592.1200000000005
P0006,Potatoes (Premium),Vegetables,2024-12-25,0,1,-598.6900000000005
P0006,Potatoes (Premium),Vegetables,2024-12-26,0,1,-598.6900000000005
P0006,Potatoes (Premium),Vegetables,2024-12-27,0,1,-600.3400000000005
P0006,Potatoes (Premium),Vegetables,2024-12-28,0,1,-600.3400000000005
P0006,Potatoes (Premium),Vegetables,2024-12-29,0,1,-600.3400000000005
P0006,Potatoes (Premium),Vegetables,2024-12-30,0,1,-600.3400000000005
P0007,Molestiae Personal Car (Premium),Personal Care,2024-12-21,1,1,-557.0899999999999
P0007,Molestiae Personal Car (Premium),Personal Care,2024-12-22,1,1,-558.1499999999999
P0007,Molestiae Personal Car (Premium),Personal Care,2024-12-23,1,1,-563.7499999999999
P0007,Molestiae Personal Car (Premium),Personal Care,2024-12-24,0,1,-566.8599999999999
P0007,Molestiae Personal Car (Premium),Personal Care,2024-12-25,0,1,-571.3899999999999
P0007,Molestiae Personal Car (Premium),Personal Care,2024-12-26,0,1,-577.8199999999998
P0007,Molestiae Personal Car (Premium),Personal Care,2024-12-27,0,1,-580.8499999999998
P0007,Molestiae Personal Car (Premium),Personal Care,2024-12-28,0,1,-582.8999999999997
P0007,Molestiae Personal Car (Premium),Personal Care,2024-12-29,0,1,-582.9999999999998
P0007,Molestiae Personal Car (Premium),Personal Care,2024-12-30,0,1,-582.9999999999998
P0008,Nobis Beverage (BrandX),Beverages,2024-12-21,1,1,-572.8800000000003
P0008,Nobis Beverage (BrandX),Beverages,2024-12-22,1,1,-577.5400000000003
P0008,Nobis Beverage (BrandX),Beverages,2024-12-23,1,1,-578.1100000000004
P0008,Nobis Beverage (BrandX),Beverages,2024-12-24,0,1,-580.7500000000003
P0008,Nobis Beverage (BrandX),Beverages,2024-12-25,0,1,-580.7500000000003
P0008,Nobis Beverage (BrandX),Beverages,2024-12-26,0,1,-582.8500000000004
P0008,Nobis Beverage (BrandX),Beverages,2024-12-27,0,1,-582.8500000000004
P0008,Nobis Beverage (BrandX),Beverages,2024-12-28,0,1,-582.8500000000004
P0008,Nobis Beverage (BrandX),Beverages,2024-12-29,0,1,-584.2000000000004
P0008,Nobis Beverage (BrandX),Beverages,2024-12-30,0,1,-588.7200000000004
P0009,Consectetur Snack (Local),Snacks,2024-12-21,1,1,-572.1599999999999
P0009,Consectetur Snack (Local),Snacks,2024-12-22,1,1,-572.1599999999999
P0009,Consectetur Snack (Local),Snacks,2024-12-23,1,1,-574.4299999999998
P0009,Consectetur Snack (Local),Snacks,2024-12-24,0,1,-575.4099999999999
P0009,Consectetur Snack (Local),Snacks,2024-12-25,0,1,-579.2299999999999
P0009,Consectetur Snack (Local),Snacks,2024-12-26,0,1,-581.55
P0009,Consectetur Snack (Local),Snacks,2024-12-27,0,1,-583.14
P0009,Consectetur Snack (Local),Snacks,2024-12-28,0,1,-588.14
P0009,Consectetur Snack (Local),Snacks,2024-12-29,0,1,-589.5
P0009,Consectetur Snack (Local),Snacks,2024-12-30,0,1,-590.63
P0010,Tempora Cleaning Supplie (Premium),Cleaning Supplies,2024-12-21,1,1,-588.4600000000002
P0010,Tempora Cleaning Supplie (Premium),Cleaning Supplies,2024-12-22,1,1,-592.5100000000001
P0010,Tempora Cleaning Supplie (Premium),Cleaning Supplies,2024-12-23,1,1,-592.5100000000001
P0010,Tempora Cleaning Supplie (Premium),Cleaning Supplies,2024-12-24,0,1,-595.94
P0010,Tempora Cleaning Supplie (Premium),Cleaning Supplies,2024-12-25,0,1,-598.8000000000001
P0010,Tempora Cleaning Supplie (Premium),Cleaning Supplies,2024-12-26,0,1,-598.8000000000001
P0010,Tempora Cleaning Supplie (Premium),Cleaning Supplies,2024-12-27,0,1,-598.8000000000001
P0010,Tempora Cleaning Supplie (Premium),Cleaning Supplies,2024-12-28,0,1,-598.8000000000001
P0010,Tempora Cleaning Supplie (Premium),Cleaning Supplies,2024-12-29,0,1,-598.9000000000001
P0010,Tempora Cleaning Supplie (Premium),Cleaning Supplies,2024-12-30,0,1,-599.0000000000001
P0011,Repudiandae Beverage (Local),Beverages,2024-12-21,1,1,-490.11
P0011,Repudiandae Beverage (Local),Beverages,2024-12-22,1,1,-495.67
P0011,Repudiandae Beverage (Local),Beverages,2024-12-23,1,1,-495.67
P0011,Repudiandae Beverage (Local),Beverages,2024-12-24,0,1,-498.98
P0011,Repudiandae Beverage (Local),Beverages,2024-12-25,0,1,-501.16
P0011,Repudiandae Beverage (Local),Beverages,2024-12-26,0,1,-501.16
P0011,Repudiandae Beverage (Local),Beverages,2024-12-27,0,1,-506.83000000000004
P0011,Repudiandae Beverage (Local),Beverages,2024-12-28,0,1,-506.83000000000004
P0011,Repudiandae Beverage (Local),Beverages,2024-12-29,0,1,-506.83000000000004
P0011,Repudiandae Beverage (Local),Beverages,2024-12-30,0,1,-507.56000000000006
P0012,Quaerat Beverage (Premium),Beverages,2024-12-21,1,1,-488.56
P0012,Quaerat Beverage (Premium),Beverages,2024-12-22,1,1,-488.56
P0012,Quaerat Beverage (Premium),Beverages,2024-12-23,1,1,-488.56
P0012,Quaerat Beverage (Premium),Beverages,2024-12-24,0,1,-488.56
P0012,Quaerat Beverage (Premium),Beverages,2024-12-25,0,1,-488.66
P0012,Quaerat Beverage (Premium),Beverages,2024-12-26,0,1,-488.66
P0012,Quaerat Beverage (Premium),Beverages,2024-12-27,0,1,-492.28000000000003
P0012,Quaerat Beverage (Premium),Beverages,2024-12-28,0,1,-496.47
P0012,Quaerat Beverage (Premium),Beverages,2024-12-29,0,1,-496.47
P0012,Quaerat Beverage (Premium),Beverages,2024-12-30,0,1,-496.47
P0013,Adipisci Beverage (Local),Beverages,2024-12-21,1,1,-538.7500000000005
P0013,Adipisci Beverage (Local),Beverages,2024-12-22,1,1,-542.2900000000004
P0013,Adipisci Beverage (Local),Beverages,2024-12-23,1,1,-545.4800000000005
P0013,Adipisci Beverage (Local),Beverages,2024-12-24,0,1,-545.4800000000005
P0013,Adipisci Beverage (Local),Beverages,2024-12-25,0,1,-546.8900000000004
P0013,Adipisci Beverage (Local),Beverages,2024-12-26,0,1,-550.9900000000005
P0013,Adipisci Beverage (Local),Beverages,2024-12-27,0,1,-555.0500000000004
P0013,Adipisci Beverage (Local),Beverages,2024-12-28,0,1,-555.0500000000004
P0013,Adipisci Beverage (Local),Beverages,2024-12-29,0,1,-555.8000000000004
P0013,Adipisci Beverage (Local),Beverages,2024-12-30,0,1,-557.3400000000004
P0014,Apples (Premium),Fruits,2024-12-21,1,1,-572.8900000000004
P0014,Apples (Premium),Fruits,2024-12-22,1,1,-572.8900000000004
P0014,Apples (Premium),Fruits,2024-12-23,1,1,-576.9300000000004
P0014,Apples (Premium),Fruits,2024-12-24,0,1,-578.7400000000004
P0014,Apples (Premium),Fruits,2024-12-25,0,1,-581.3800000000003
P0014,Apples (Premium),Fruits,2024-12-26,0,1,-581.3800000000003
P0014,Apples (Premium),Fruits,2024-12-27,0,1,-585.7200000000004
P0014,Apples (Premium),Fruits,2024-12-28,0,1,-585.7200000000004
P0014,Apples (Premium),Fruits,2024-12-29,0,1,-585.7200000000004
P0014,Apples (Premium),Fruits,2024-12-30,0,1,-585.7200000000004
P0015,Mangoes (BrandX),Fruits,2024-12-21,1,1,-611.5700000000004
P0015,Mangoes (BrandX),Fruits,2024-12-22,1,1,-617.4900000000004
P0015,Mangoes (BrandX),Fruits,2024-12-23,1,1,-622.1400000000003
P0015,Mangoes (BrandX),Fruits,2024-12-24,0,1,-622.1400000000003
P0015,Mangoes (BrandX),Fruits,2024-12-25,0,1,-626.8100000000003
P0015,Mangoes (BrandX),Fruits,2024-12-26,0,1,-628.4300000000003
P0015,Mangoes (BrandX),Fruits,2024-12-27,0,1,-630.4300000000003
P0015,Mangoes (BrandX),Fruits,2024-12-28,0,1,-632.5200000000003
P0015,Mangoes (BrandX),Fruits,2024-12-29,0,1,-632.5200000000003
P0015,Mangoes (BrandX),Fruits,2024-12-30,0,1,-634.8200000000003
P0016,Wheat Flour 10kg (Premium),Staples,2024-12-21,1,1,-544.5199999999999
P0016,Wheat Flour 10kg (Premium),Staples,2024-12-22,1,1,-546.5599999999998
P0016,Wheat Flour 10kg (Premium),Staples,2024-12-23,1,1,-546.5599999999998
P0016,Wheat Flour 10kg (Premium),Staples,2024-12-24,0,1,-551.6799999999998
P0016,Wheat Flour 10kg (Premium),Staples,2024-12-25,0,1,-551.6799999999998
P0016,Wheat Flour 10kg (Premium),Staples,2024-12-26,0,1,-551.7799999999999
P0016,Wheat Flour 10kg (Premium),Staples,2024-12-27,0,1,-554.3899999999999
P0016,Wheat Flour 10kg (Premium),Staples,2024-12-28,0,1,-557.5899999999999
P0016,Wheat Flour 10kg (Premium),Staples,2024-12-29,0,1,-560.54
P0016,Wheat Flour 10kg (Premium),Staples,2024-12-30,0,1,-565.55
P0017,Repellendus Personal Car (Local),Personal Care,2024-12-21,1,1,-616.4299999999998
P0017,Repellendus Personal Car (Local),Personal Care,2024-12-22,1,1,-616.4299999999998
P0017,Repellendus Personal Car (Local),Personal Care,2024-12-23,1,1,-623.0799999999998
P0017,Repellendus Personal Car (Local),Personal Care,2024-12-24,0,1,-627.8999999999999
P0017,Repellendus Personal Car (Local),Personal Care,2024-12-25,0,1,-629.1499999999999
P0017,Repellendus Personal Car (Local),Personal Care,2024-12-26,0,1,-634.2399999999999
P0017,Repellendus Personal Car (Local),Personal Care,2024-12-27,0,1,-634.2399999999999
P0017,Repellendus Personal Car (Local),Personal Care,2024-12-28,0,1,-637.31
P0017,Repellendus Personal Car (Local),Personal Care,2024-12-29,0,1,-637.31
P0017,Repellendus Personal Car (Local),Personal Care,2024-12-30,0,1,-640.5999999999999
P0018,Bananas (Premium),Fruits,2024-12-21,1,1,-579.5300000000004
P0018,Bananas (Premium),Fruits,2024-12-22,1,1,-579.5300000000004
P0018,Bananas (Premium),Fruits,2024-12-23,1,1,-585.2900000000004
P0018,Bananas (Premium),Fruits,2024-12-24,0,1,-585.2900000000004
P0018,Bananas (Premium),Fruits,2024-12-25,0,1,-587.4500000000004
P0018,Bananas (Premium),Fruits,2024-12-26,0,1,-590.9500000000004
P0018,Bananas (Premium),Fruits,2024-12-27,0,1,-590.9500000000004
P0018,Bananas (Premium),Fruits,2024-12-28,0,1,-590.9500000000004
P0018,Bananas (Premium),Fruits,2024-12-29,0,1,-592.2000000000004
P0018,Bananas (Premium),Fruits,2024-12-30,0,1,-592.2000000000004
P0019,Quae Snack (Premium),Snacks,2024-12-21,1,1,-555.0800000000003
P0019,Quae Snack (Premium),Snacks,2024-12-22,1,1,-555.0800000000003
P0019,Quae Snack (Premium),Snacks,2024-12-23,1,1,-555.0800000000003
P0019,Quae Snack (Premium),Snacks,2024-12-24,0,1,-558.2900000000003
P0019,Quae Snack (Premium),Snacks,2024-12-25,0,1,-563.7800000000003
P0019,Quae Snack (Premium),Snacks,2024-12-26,0,1,-563.7800000000003
P0019,Quae Snack (Premium),Snacks,2024-12-27,0,1,-563.8800000000003
P0019,Quae Snack (Premium),Snacks,2024-12-28,0,1,-563.8800000000003
P0019,Quae Snack (Premium),Snacks,2024-12-29,0,1,-566.0200000000003
P0019,Quae Snack (Premium),Snacks,2024-12-30,0,1,-573.1100000000004
P0020,Turmeric Powder 200g (Premium),Staples,2024-12-21,1,1,-564.3200000000007
P0020,Turmeric Powder 200g (Premium),Staples,2024-12-22,1,1,-565.1900000000007
P0020,Turmeric Powder 200g (Premium),Staples,2024-12-23,1,1,-565.1900000000007
P0020,Turmeric Powder 200g (Premium),Staples,2024-12-24,0,1,-567.9100000000008
P0020,Turmeric Powder 200g (Premium),Staples,2024-12-25,0,1,-567.9100000000008
P0020,Turmeric Powder 200g (Premium),Staples,2024-12-26,0,1,-567.9100000000008
P0020,Turmeric Powder 200g (Premium),Staples,2024-12-27,0,1,-567.9100000000008
P0020,Turmeric Powder 200g (Premium),Staples,2024-12-28,0,1,-568.7700000000008
P0020,Turmeric Powder 200g (Premium),Staples,2024-12-29,0,1,-568.7700000000008
P0020,Turmeric Powder 200g (Premium),Staples,2024-12-30,0,1,-568.7700000000008
P0021,Bananas (BrandX),Fruits,2024-12-21,1,1,-570.4000000000004
P0021,Bananas (BrandX),Fruits,2024-12-22,1,1,-574.1400000000004
P0021,Bananas (BrandX),Fruits,2024-12-23,1,1,-574.2400000000005
P0021,Bananas (BrandX),Fruits,2024-12-24,0,1,-574.2400000000005
P0021,Bananas (BrandX),Fruits,2024-12-25,0,1,-577.9400000000005
P0021,Bananas (BrandX),Fruits,2024-12-26,0,1,-582.5400000000005
P0021,Bananas (BrandX),Fruits,2024-12-27,0,1,-585.8100000000005
P0021,Bananas (BrandX),Fruits,2024-12-28,0,1,-585.8100000000005
P0021,Bananas (BrandX),Fruits,2024-12-29,0,1,-585.8100000000005
P0021,Bananas (BrandX),Fruits,2024-12-30,0,1,-587.7000000000005
P0022,Ladyfinger (Local),Vegetables,2024-12-21,1,1,-533.5000000000002
P0022,Ladyfinger (Local),Vegetables,2024-12-22,1,1,-536.4600000000003
P0022,Ladyfinger (Local),Vegetables,2024-12-23,1,1,-540.4800000000002
P0022,Ladyfinger (Local),Vegetables,2024-12-24,0,1,-541.7700000000002
P0022,Ladyfinger (Local),Vegetables,2024-12-25,0,1,-541.7700000000002
P0022,Ladyfinger (Local),Vegetables,2024-12-26,0,1,-541.7700000000002
P0022,Ladyfinger (Local),Vegetables,2024-12-27,0,1,-544.1000000000003
P0022,Ladyfinger (Local),Vegetables,2024-12-28,0,1,-544.1000000000003
P0022,Ladyfinger (Local),Vegetables,2024-12-29,0,1,-544.1000000000003
P0022,Ladyfinger (Local),Vegetables,2024-12-30,0,1,-544.2000000000003
P0023,Turmeric Powder 200g (Premium),Staples,2024-12-21,1,1,-565.0400000000002
P0023,Turmeric Powder 200g (Premium),Staples,2024-12-22,1,1,-565.0400000000002
P0023,Turmeric Powder 200g (Premium),Staples,2024-12-23,1,1,-565.0400000000002
P0023,Turmeric Powder 200g (Premium),Staples,2024-12-24,0,1,-569.6700000000002
P0023,Turmeric Powder 200g (Premium),Staples,2024-12-25,0,1,-569.6700000000002
P0023,Turmeric Powder 200g (Premium),Staples,2024-12-26,0,1,-574.4600000000002
P0023,Turmeric Powder 200g (Premium),Staples,2024-12-27,0,1,-577.3400000000001
P0023,Turmeric Powder 200g (Premium),Staples,2024-12-28,0,1,-579.3900000000001
P0023,Turmeric Powder 200g (Premium),Staples,2024-12-29,0,1,-581.4000000000001
P0023,Turmeric Powder 200g (Premium),Staples,2024-12-30,0,1,-583.7800000000001
P0024,Quam Cleaning Supplie (Premium),Cleaning Supplies,2024-12-21,1,1,-494.1800000000002
P0024,Quam Cleaning Supplie (Premium),Cleaning Supplies,2024-12-22,1,1,-496.0500000000002
P0024,Quam Cleaning Supplie (Premium),Cleaning Supplies,2024-12-23,1,1,-496.0500000000002
P0024,Quam Cleaning Supplie (Premium),Cleaning Supplies,2024-12-24,0,1,-496.7300000000002
P0024,Quam Cleaning Supplie (Premium),Cleaning Supplies,2024-12-25,0,1,-497.6500000000002
P0024,Quam Cleaning Supplie (Premium),Cleaning Supplies,2024-12-26,0,1,-497.6500000000002
P0024,Quam Cleaning Supplie (Premium),Cleaning Supplies,2024-12-27,0,1,-497.7500000000002
P0024,Quam Cleaning Supplie (Premium),Cleaning Supplies,2024-12-28,0,1,-503.93000000000023
P0024,Quam Cleaning Supplie (Premium),Cleaning Supplies,2024-12-29,0,1,-505.80000000000024
P0024,Quam Cleaning Supplie (Premium),Cleaning Supplies,2024-12-30,0,1,-507.92000000000024
P0025,Toor Dal 1kg (Premium),Staples,2024-12-21,1,1,-569.4200000000004
P0025,Toor Dal 1kg (Premium),Staples,2024-12-22,1,1,-569.4200000000004
P0025,Toor Dal 1kg (Premium),Staples,2024-12-23,1,1,-569.7800000000004
P0025,Toor Dal 1kg (Premium),Staples,2024-12-24,0,1,-575.3800000000005
P0025,Toor Dal 1kg (Premium),Staples,2024-12-25,0,1,-581.7700000000004
P0025,Toor Dal 1kg (Premium),Staples,2024-12-26,0,1,-586.1400000000004
P0025,Toor Dal 1kg (Premium),Staples,2024-12-27,0,1,-588.9100000000004
P0025,Toor Dal 1kg (Premium),Staples,2024-12-28,0,1,-590.7200000000004
P0025,Toor Dal 1kg (Premium),Staples,2024-12-29,0,1,-593.5100000000003
P0025,Toor Dal 1kg (Premium),Staples,2024-12-30,0,1,-595.6300000000003
P0026,Laudantium Personal Car (Premium),Personal Care,2024-12-21,1,1,-479.86000000000035
P0026,Laudantium Personal Car (Premium),Personal Care,2024-12-22,1,1,-479.86000000000035
P0026,Laudantium Personal Car (Premium),Personal Care,2024-12-23,1,1,-485.66000000000037
P0026,Laudantium Personal Car (Premium),Personal Care,2024-12-24,0,1,-485.66000000000037
P0026,Laudantium Personal Car (Premium),Personal Care,2024-12-25,0,1,-487.91000000000037
P0026,Laudantium Personal Car (Premium),Personal Care,2024-12-26,0,1,-489.6400000000004
P0026,Laudantium Personal Car (Premium),Personal Care,2024-12-27,0,1,-489.7400000000004
P0026,Laudantium Personal Car (Premium),Personal Care,2024-12-28,0,1,-490.4400000000004
P0026,Laudantium Personal Car (Premium),Personal Care,2024-12-29,0,1,-490.4400000000004
P0026,Laudantium Personal Car (Premium),Personal Care,2024-12-30,0,1,-493.1400000000004
P0027,Oranges (Local),Fruits,2024-12-21,1,1,-537.1900000000005
P0027,Oranges (Local),Fruits,2024-12-22,1,1,-540.1300000000006
P0027,Oranges (Local),Fruits,2024-12-23,1,1,-546.1200000000006
P0027,Oranges (Local),Fruits,2024-12-24,0,1,-550.1000000000006
P0027,Oranges (Local),Fruits,2024-12-25,0,1,-552.0700000000006
P0027,Oranges (Local),Fruits,2024-12-26,0,1,-553.9500000000006
P0027,Oranges (Local),Fruits,2024-12-27,0,1,-558.1900000000006
P0027,Oranges (Local),Fruits,2024-12-28,0,1,-563.3400000000006
P0027,Oranges (Local),Fruits,2024-12-29,0,1,-569.8300000000006
P0027,Oranges (Local),Fruits,2024-12-30,0,1,-573.8100000000006
P0028,Dicta Beverage (BrandX),Beverages,2024-12-21,1,1,-498.35999999999996
P0028,Dicta Beverage (BrandX),Beverages,2024-12-22,1,1,-502.84
P0028,Dicta Beverage (BrandX),Beverages,2024-12-23,1,1,-509.63
P0028,Dicta Beverage (BrandX),Beverages,2024-12-24,0,1,-509.63
P0028,Dicta Beverage (BrandX),Beverages,2024-12-25,0,1,-509.63
P0028,Dicta Beverage (BrandX),Beverages,2024-12-26,0,1,-515.05
P0028,Dicta Beverage (BrandX),Beverages,2024-12-27,0,1,-520.4699999999999
P0028,Dicta Beverage (BrandX),Beverages,2024-12-28,0,1,-520.4699999999999
P0028,Dicta Beverage (BrandX),Beverages,2024-12-29,0,1,-523.8799999999999
P0028,Dicta Beverage (BrandX),Beverages,2024-12-30,0,1,-523.8799999999999
P0029,Turmeric Powder 200g (Premium),Staples,2024-12-21,1,1,-591.1099999999998
P0029,Turmeric Powder 200g (Premium),Staples,2024-12-22,1,1,-591.1099999999998
P0029,Turmeric Powder 200g (Premium),Staples,2024-12-23,1,1,-591.1099999999998
P0029,Turmeric Powder 200g (Premium),Staples,2024-12-24,0,1,-596.3999999999997
P0029,Turmeric Powder 200g (Premium),Staples,2024-12-25,0,1,-596.4999999999998
P0029,Turmeric Powder 200g (Premium),Staples,2024-12-26,0,1,-600.8099999999997
P0029,Turmeric Powder 200g (Premium),Staples,2024-12-27,0,1,-600.8099999999997
P0029,Turmeric Powder 200g (Premium),Staples,2024-12-28,0,1,-602.5499999999997
P0029,Turmeric Powder 200g (Premium),Staples,2024-12-29,0,1,-609.5399999999997
P0029,Turmeric Powder 200g (Premium),Staples,2024-12-30,0,1,-609.6399999999998
P0030,Voluptatibus Beverage (Local),Beverages,2024-12-21,1,1,-581.3000000000002
P0030,Voluptatibus Beverage (Local),Beverages,2024-12-22,1,1,-584.4300000000002
P0030,Voluptatibus Beverage (Local),Beverages,2024-12-23,1,1,-584.4300000000002
P0030,Voluptatibus Beverage (Local),Beverages,2024-12-24,0,1,-586.6400000000002
P0030,Voluptatibus Beverage (Local),Beverages,2024-12-25,0,1,-588.9100000000002
P0030,Voluptatibus Beverage (Local),Beverages,2024-12-26,0,1,-588.9100000000002
P0030,Voluptatibus Beverage (Local),Beverages,2024-12-27,0,1,-591.1700000000002
P0030,Voluptatibus Beverage (Local),Beverages,2024-12-28,0,1,-591.2700000000002
P0030,Voluptatibus Beverage (Local),Beverages,2024-12-29,0,1,-596.1600000000002
P0030,Voluptatibus Beverage (Local),Beverages,2024-12-30,0,1,-600.0400000000002
P0031,Asperiores Personal Car (Premium),Personal Care,2024-12-21,1,1,-550.0500000000005
P0031,Asperiores Personal Car (Premium),Personal Care,2024-12-22,1,1,-552.3700000000006
P0031,Asperiores Personal Car (Premium),Personal Care,2024-12-23,1,1,-552.3700000000006
P0031,Asperiores Personal Car (Premium),Personal Care,2024-12-24,0,1,-556.5500000000005
P0031,Asperiores Personal Car (Premium),Personal Care,2024-12-25,0,1,-556.5500000000005
P0031,Asperiores Personal Car (Premium),Personal Care,2024-12-26,0,1,-559.0800000000005
P0031,Asperiores Personal Car (Premium),Personal Care,2024-12-27,0,1,-559.0800000000005
P0031,Asperiores Personal Car (Premium),Personal Care,2024-12-28,0,1,-559.0800000000005
P0031,Asperiores Personal Car (Premium),Personal Care,2024-12-29,0,1,-559.0800000000005
P0031,Asperiores Personal Car (Premium),Personal Care,2024-12-30,0,1,-562.4600000000005
P0032,Fresh Tomatoes (BrandX),Vegetables,2024-12-21,1,1,-649.4400000000002
P0032,Fresh Tomatoes (BrandX),Vegetables,2024-12-22,1,1,-652.2200000000001
P0032,Fresh Tomatoes (BrandX),Vegetables,2024-12-23,1,1,-652.2200000000001
P0032,Fresh Tomatoes (BrandX),Vegetables,2024-12-24,0,1,-652.2200000000001
P0032,Fresh Tomatoes (BrandX),Vegetables,2024-12-25,0,1,-652.2200000000001
P0032,Fresh Tomatoes (BrandX),Vegetables,2024-12-26,0,1,-654.9900000000001
P0032,Fresh Tomatoes (BrandX),Vegetables,2024-12-27,0,1,-656.1800000000002
P0032,Fresh Tomatoes (BrandX),Vegetables,2024-12-28,0,1,-662.9800000000001
P0032,Fresh Tomatoes (BrandX),Vegetables,2024-12-29,0,1,-667.8200000000002
P0032,Fresh Tomatoes (BrandX),Vegetables,2024-12-30,0,1,-670.3300000000002
P0033,Toor Dal 1kg (BrandX),Staples,2024-12-21,1,1,-561.5899999999997
P0033,Toor Dal 1kg (BrandX),Staples,2024-12-22,1,1,-561.6899999999997
P0033,Toor Dal 1kg (BrandX),Staples,2024-12-23,1,1,-561.7899999999997
P0033,Toor Dal 1kg (BrandX),Staples,2024-12-24,0,1,-565.3199999999997
P0033,Toor Dal 1kg (BrandX),Staples,2024-12-25,0,1,-569.1799999999997
P0033,Toor Dal 1kg (BrandX),Staples,2024-12-26,0,1,-571.5399999999997
P0033,Toor Dal 1kg (BrandX),Staples,2024-12-27,0,1,-571.7599999999998
P0033,Toor Dal 1kg (BrandX),Staples,2024-12-28,0,1,-574.8199999999997
P0033,Toor Dal 1kg (BrandX),Staples,2024-12-29,0,1,-574.9199999999997
P0033,Toor Dal 1kg (BrandX),Staples,2024-12-30,0,1,-574.9199999999997
P0034,Sunflower Oil 1L (Premium),Staples,2024-12-21,1,1,-541.2399999999998
P0034,Sunflower Oil 1L (Premium),Staples,2024-12-22,1,1,-541.3699999999998
P0034,Sunflower Oil 1L (Premium),Staples,2024-12-23,1,1,-544.5099999999998
P0034,Sunflower Oil 1L (Premium),Staples,2024-12-24,0,1,-544.5099999999998
P0034,Sunflower Oil 1L (Premium),Staples,2024-12-25,0,1,-548.6199999999998
P0034,Sunflower Oil 1L (Premium),Staples,2024-12-26,0,1,-554.0599999999998
P0034,Sunflower Oil 1L (Premium),Staples,2024-12-27,0,1,-556.4599999999998
P0034,Sunflower Oil 1L (Premium),Staples,2024-12-28,0,1,-556.4599999999998
P0034,Sunflower Oil 1L (Premium),Staples,2024-12-29,0,1,-562.2899999999998
P0034,Sunflower Oil 1L (Premium),Staples,2024-12-30,0,1,-565.4599999999998
P0035,Basmati Rice 5kg (Local),Staples,2024-12-21,1,1,-566.9300000000004
P0035,Basmati Rice 5kg (Local),Staples,2024-12-22,1,1,-570.3700000000005
P0035,Basmati Rice 5kg (Local),Staples,2024-12-23,1,1,-572.7400000000005
P0035,Basmati Rice 5kg (Local),Staples,2024-12-24,0,1,-572.7400000000005
P0035,Basmati Rice 5kg (Local),Staples,2024-12-25,0,1,-572.8400000000005
P0035,Basmati Rice 5kg (Local),Staples,2024-12-26,0,1,-572.8400000000005
P0035,Basmati Rice 5kg (Local),Staples,2024-12-27,0,1,-572.8400000000005
P0035,Basmati Rice 5kg (Local),Staples,2024-12-28,0,1,-579.0200000000004
P0035,Basmati Rice 5kg (Local),Staples,2024-12-29,0,1,-579.0200000000004
P0035,Basmati Rice 5kg (Local),Staples,2024-12-30,0,1,-584.3100000000004
P0036,Necessitatibus Cleaning Supplie (Premium),Cleaning Supplies,2024-12-21,1,1,-492.59999999999997
P0036,Necessitatibus Cleaning Supplie (Premium),Cleaning Supplies,2024-12-22,1,1,-496.40999999999997
P0036,Necessitatibus Cleaning Supplie (Premium),Cleaning Supplies,2024-12-23,1,1,-498.82
P0036,Necessitatibus Cleaning Supplie (Premium),Cleaning Supplies,2024-12-24,0,1,-501.06
P0036,Necessitatibus Cleaning Supplie (Premium),Cleaning Supplies,2024-12-25,0,1,-501.06
P0036,Necessitatibus Cleaning Supplie (Premium),Cleaning Supplies,2024-12-26,0,1,-503.63
P0036,Necessitatibus Cleaning Supplie (Premium),Cleaning Supplies,2024-12-27,0,1,-508.7
P0036,Necessitatibus Cleaning Supplie (Premium),Cleaning Supplies,2024-12-28,0,1,-508.7
P0036,Necessitatibus Cleaning Supplie (Premium),Cleaning Supplies,2024-12-29,0,1,-510.87
P0036,Necessitatibus Cleaning Supplie (Premium),Cleaning Supplies,2024-12-30,0,1,-510.87
P0037,Dignissimos Personal Car (BrandX),Personal Care,2024-12-21,1,1,-580.34
P0037,Dignissimos Personal Car (BrandX),Personal Care,2024-12-22,1,1,-580.34
P0037,Dignissimos Personal Car (BrandX),Personal Care,2024-12-23,1,1,-581.2900000000001
P0037,Dignissimos Personal Car (BrandX),Personal Care,2024-12-24,0,1,-583.58
P0037,Dignissimos Personal Car (BrandX),Personal Care,2024-12-25,0,1,-587.36
P0037,Dignissimos Personal Car (BrandX),Personal Care,2024-12-26,0,1,-588.76
P0037,Dignissimos Personal Car (BrandX),Personal Care,2024-12-27,0,1,-591.39
P0037,Dignissimos Personal Car (BrandX),Personal Care,2024-12-28,0,1,-594.67
P0037,Dignissimos Personal Car (BrandX),Personal Care,2024-12-29,0,1,-597.6899999999999
P0037,Dignissimos Personal Car (BrandX),Personal Care,2024-12-30,0,1,-597.79
P0038,Doloremque Personal Car (Local),Personal Care,2024-12-21,1,1,-580.3500000000007
P0038,Doloremque Personal Car (Local),Personal Care,2024-12-22,1,1,-580.4500000000007
P0038,Doloremque Personal Car (Local),Personal Care,2024-12-23,1,1,-584.7600000000007
P0038,Doloremque Personal Car (Local),Personal Care,2024-12-24,0,1,-584.7600000000007
P0038,Doloremque Personal Car (Local),Personal Care,2024-12-25,0,1,-589.8000000000006
P0038,Doloremque Personal Car (Local),Personal Care,2024-12-26,0,1,-590.9700000000006
P0038,Doloremque Personal Car (Local),Personal Care,2024-12-27,0,1,-593.8200000000006
P0038,Doloremque Personal Car (Local),Personal Care,2024-12-28,0,1,-597.2800000000007
P0038,Doloremque Personal Car (Local),Personal Care,2024-12-29,0,1,-600.4700000000007
P0038,Doloremque Personal Car (Local),Personal Care,2024-12-30,0,1,-603.8200000000007
P0039,Turmeric Powder 200g (Local),Staples,2024-12-21,1,1,-592.6800000000002
P0039,Turmeric Powder 200g (Local),Staples,2024-12-22,1,1,-592.6800000000002
P0039,Turmeric Powder 200g (Local),Staples,2024-12-23,1,1,-592.6800000000002
P0039,Turmeric Powder 200g (Local),Staples,2024-12-24,0,1,-594.8400000000001
P0039,Turmeric Powder 200g (Local),Staples,2024-12-25,0,1,-596.1200000000001
P0039,Turmeric Powder 200g (Local),Staples,2024-12-26,0,1,-596.1200000000001
P0039,Turmeric Powder 200g (Local),Staples,2024-12-27,0,1,-597.5800000000002
P0039,Turmeric Powder 200g (Local),Staples,2024-12-28,0,1,-600.3700000000001
P0039,Turmeric Powder 200g (Local),Staples,2024-12-29,0,1,-605.1600000000001
P0039,Turmeric Powder 200g (Local),Staples,2024-12-30,0,1,-609.0500000000001
P0040,Non Snack (Local),Snacks,2024-12-21,1,1,-541.6700000000003
P0040,Non Snack (Local),Snacks,2024-12-22,1,1,-545.6600000000003
P0040,Non Snack (Local),Snacks,2024-12-23,1,1,-550.1900000000003
P0040,Non Snack (Local),Snacks,2024-12-24,0,1,-550.1900000000003
P0040,Non Snack (Local),Snacks,2024-12-25,0,1,-550.2900000000003
P0040,Non Snack (Local),Snacks,2024-12-26,0,1,-550.2900000000003
P0040,Non Snack (Local),Snacks,2024-12-27,0,1,-555.4500000000003
P0040,Non Snack (Local),Snacks,2024-12-28,0,1,-561.0000000000002
P0040,Non Snack (Local),Snacks,2024-12-29,0,1,-561.2500000000002
P0040,Non Snack (Local),Snacks,2024-12-30,0,1,-561.2500000000002
P0041,Mangoes (Premium),Fruits,2024-12-21,1,1,-521.2899999999998
P0041,Mangoes (Premium),Fruits,2024-12-22,1,1,-522.8399999999998
P0041,Mangoes (Premium),Fruits,2024-12-23,1,1,-531.1399999999998
P0041,Mangoes (Premium),Fruits,2024-12-24,0,1,-531.1399999999998
P0041,Mangoes (Premium),Fruits,2024-12-25,0,1,-534.6399999999998
P0041,Mangoes (Premium),Fruits,2024-12-26,0,1,-536.7799999999997
P0041,Mangoes (Premium),Fruits,2024-12-27,0,1,-539.3599999999998
P0041,Mangoes (Premium),Fruits,2024-12-28,0,1,-542.8499999999998
P0041,Mangoes (Premium),Fruits,2024-12-29,0,1,-542.8499999999998
P0041,Mangoes (Premium),Fruits,2024-12-30,0,1,-542.8499999999998
P0042,Accusantium Beverage (BrandX),Beverages,2024-12-21,1,1,-592.9299999999998
P0042,Accusantium Beverage (BrandX),Beverages,2024-12-22,1,1,-599.0299999999999
P0042,Accusantium Beverage (BrandX),Beverages,2024-12-23,1,1,-599.0299999999999
P0042,Accusantium Beverage (BrandX),Beverages,2024-12-24,0,1,-599.8699999999999
P0042,Accusantium Beverage (BrandX),Beverages,2024-12-25,0,1,-603.0299999999999
P0042,Accusantium Beverage (BrandX),Beverages,2024-12-26,0,1,-604.2499999999999
P0042,Accusantium Beverage (BrandX),Beverages,2024-12-27,0,1,-604.2499999999999
P0042,Accusantium Beverage (BrandX),Beverages,2024-12-28,0,1,-609.6899999999999
P0042,Accusantium Beverage (BrandX),Beverages,2024-12-29,0,1,-610.7299999999999
P0042,Accusantium Beverage (BrandX),Beverages,2024-12-30,0,1,-612.8999999999999
P0043,Adipisci Personal Car (BrandX),Personal Care,2024-12-21,1,1,-581.1800000000002
P0043,Adipisci Personal Car (BrandX),Personal Care,2024-12-22,1,1,-585.0200000000002
P0043,Adipisci Personal Car (BrandX),Personal Care,2024-12-23,1,1,-585.0200000000002
P0043,Adipisci Personal Car (BrandX),Personal Care,2024-12-24,0,1,-585.5800000000002
P0043,Adipisci Personal Car (BrandX),Personal Care,2024-12-25,0,1,-588.4200000000002
P0043,Adipisci Personal Car (BrandX),Personal Care,2024-12-26,0,1,-588.4200000000002
P0043,Adipisci Personal Car (BrandX),Personal Care,2024-12-27,0,1,-594.5200000000002
P0043,Adipisci Personal Car (BrandX),Personal Care,2024-12-28,0,1,-599.9100000000002
P0043,Adipisci Personal Car (BrandX),Personal Care,2024-12-29,0,1,-602.3800000000002
P0043,Adipisci Personal Car (BrandX),Personal Care,2024-12-30,0,1,-607.4600000000003
P0044,Expedita Snack (BrandX),Snacks,2024-12-21,1,1,-579.1300000000001
P0044,Expedita Snack (BrandX),Snacks,2024-12-22,1,1,-579.1300000000001
P0044,Expedita Snack (BrandX),Snacks,2024-12-23,1,1,-583.4200000000001
P0044,Expedita Snack (BrandX),Snacks,2024-12-24,0,1,-583.4200000000001
P0044,Expedita Snack (BrandX),Snacks,2024-12-25,0,1,-588.1
P0044,Expedita Snack (BrandX),Snacks,2024-12-26,0,1,-590.16
P0044,Expedita Snack (BrandX),Snacks,2024-12-27,0,1,-592.5899999999999
P0044,Expedita Snack (BrandX),Snacks,2024-12-28,0,1,-594.9999999999999
P0044,Expedita Snack (BrandX),Snacks,2024-12-29,0,1,-594.9999999999999
P0044,Expedita Snack (BrandX),Snacks,2024-12-30,0,1,-594.9999999999999
P0045,Animi Beverage (Local),Beverages,2024-12-21,1,1,-555.4700000000003
P0045,Animi Beverage (Local),Beverages,2024-12-22,1,1,-561.3800000000002
P0045,Animi Beverage (Local),Beverages,2024-12-23,1,1,-564.9800000000002
P0045,Animi Beverage (Local),Beverages,2024-12-24,0,1,-569.1200000000002
P0045,Animi Beverage (Local),Beverages,2024-12-25,0,1,-574.7200000000003
P0045,Animi Beverage (Local),Beverages,2024-12-26,0,1,-579.9100000000003
P0045,Animi Beverage (Local),Beverages,2024-12-27,0,1,-579.9100000000003
P0045,Animi Beverage (Local),Beverages,2024-12-28,0,1,-579.9100000000003
P0045,Animi Beverage (Local),Beverages,2024-12-29,0,1,-579.9100000000003
P0045,Animi Beverage (Local),Beverages,2024-12-30,0,1,-579.9100000000003
P0046,Oranges (Premium),Fruits,2024-12-21,1,1,-606.8
P0046,Oranges (Premium),Fruits,2024-12-22,1,1,-612.53
P0046,Oranges (Premium),Fruits,2024-12-23,1,1,-612.53
P0046,Oranges (Premium),Fruits,2024-12-24,0,1,-612.53
P0046,Oranges (Premium),Fruits,2024-12-25,0,1,-612.53
P0046,Oranges (Premium),Fruits,2024-12-26,0,1,-613.91
P0046,Oranges (Premium),Fruits,2024-12-27,0,1,-615.61
P0046,Oranges (Premium),Fruits,2024-12-28,0,1,-615.61
P0046,Oranges (Premium),Fruits,2024-12-29,0,1,-615.61
P0046,Oranges (Premium),Fruits,2024-12-30,0,1,-618.74
P0047,Sunflower Oil 1L (Premium),Staples,2024-12-21,1,1,-594.5000000000001
P0047,Sunflower Oil 1L (Premium),Staples,2024-12-22,1,1,-601.0200000000001
P0047,Sunflower Oil 1L (Premium),Staples,2024-12-23,1,1,-601.3900000000001
P0047,Sunflower Oil 1L (Premium),Staples,2024-12-24,0,1,-604.4100000000001
P0047,Sunflower Oil 1L (Premium),Staples,2024-12-25,0,1,-608.5600000000001
P0047,Sunflower Oil 1L (Premium),Staples,2024-12-26,0,1,-611.72
P0047,Sunflower Oil 1L (Premium),Staples,2024-12-27,0,1,-611.72
P0047,Sunflower Oil 1L (Premium),Staples,2024-12-28,0,1,-614.3100000000001
P0047,Sunflower Oil 1L (Premium),Staples,2024-12-29,0,1,-617.9100000000001
P0047,Sunflower Oil 1L (Premium),Staples,2024-12-30,0,1,-618.6000000000001
P0048,Alias Snack (BrandX),Snacks,2024-12-21,1,1,-556.2200000000001
P0048,Alias Snack (BrandX),Snacks,2024-12-22,1,1,-556.3200000000002
P0048,Alias Snack (BrandX),Snacks,2024-12-23,1,1,-556.3200000000002
P0048,Alias Snack (BrandX),Snacks,2024-12-24,0,1,-556.4200000000002
P0048,Alias Snack (BrandX),Snacks,2024-12-25,0,1,-556.4200000000002
P0048,Alias Snack (BrandX),Snacks,2024-12-26,0,1,-556.4200000000002
P0048,Alias Snack (BrandX),Snacks,2024-12-27,0,1,-556.4200000000002
P0048,Alias Snack (BrandX),Snacks,2024-12-28,0,1,-556.4200000000002
P0048,Alias Snack (BrandX),Snacks,2024-12-29,0,1,-560.4600000000002
P0048,Alias Snack (BrandX),Snacks,2024-12-30,0,1,-566.1100000000001
P0049,Apples (Local),Fruits,2024-12-21,1,1,-642.96
P0049,Apples (Local),Fruits,2024-12-22,1,1,-642.96
P0049,Apples (Local),Fruits,2024-12-23,1,1,-645.5300000000001
P0049,Apples (Local),Fruits,2024-12-24,0,1,-645.5300000000001
P0049,Apples (Local),Fruits,2024-12-25,0,1,-647.1100000000001
P0049,Apples (Local),Fruits,2024-12-26,0,1,-652.2800000000001
P0049,Apples (Local),Fruits,2024-12-27,0,1,-652.3800000000001
P0049,Apples (Local),Fruits,2024-12-28,0,1,-652.3800000000001
P0049,Apples (Local),Fruits,2024-12-29,0,1,-652.3800000000001
P0049,Apples (Local),Fruits,2024-12-30,0,1,-654.8000000000001
P0050,Tempore Beverage (Local),Beverages,2024-12-21,1,1,-537.46
P0050,Tempore Beverage (Local),Beverages,2024-12-22,1,1,-537.46
P0050,Tempore Beverage (Local),Beverages,2024-12-23,1,1,-540.86
P0050,Tempore Beverage (Local),Beverages,2024-12-24,0,1,-540.96
P0050,Tempore Beverage (Local),Beverages,2024-12-25,0,1,-545.7
P0050,Tempore Beverage (Local),Beverages,2024-12-26,0,1,-545.7
P0050,Tempore Beverage (Local),Beverages,2024-12-27,0,1,-551.57
P0050,Tempore Beverage (Local),Beverages,2024-12-28,0,1,-551.57
P0050,Tempore Beverage (Local),Beverages,2024-12-29,0,1,-554.82
P0050,Tempore Beverage (Local),Beverages,2024-12-30,0,1,-554.82
P0051,Fresh Tomatoes (Premium),Vegetables,2024-12-21,1,1,-604.6700000000004
P0051,Fresh Tomatoes (Premium),Vegetables,2024-12-22,1,1,-606.2800000000004
P0051,Fresh Tomatoes (Premium),Vegetables,2024-12-23,1,1,-606.2800000000004
P0051,Fresh Tomatoes (Premium),Vegetables,2024-12-24,0,1,-610.3300000000004
P0051,Fresh Tomatoes (Premium),Vegetables,2024-12-25,0,1,-610.3300000000004
P0051,Fresh Tomatoes (Premium),Vegetables,2024-12-26,0,1,-613.0100000000003
P0051,Fresh Tomatoes (Premium),Vegetables,2024-12-27,0,1,-617.8300000000004
P0051,Fresh Tomatoes (Premium),Vegetables,2024-12-28,0,1,-621.6500000000004
P0051,Fresh Tomatoes (Premium),Vegetables,2024-12-29,0,1,-623.8700000000005
P0051,Fresh Tomatoes (Premium),Vegetables,2024-12-30,0,1,-623.8700000000005
P0052,Nisi Snack (BrandX),Snacks,2024-12-21,1,1,-553.64
P0052,Nisi Snack (BrandX),Snacks,2024-12-22,1,1,-553.64
P0052,Nisi Snack (BrandX),Snacks,2024-12-23,1,1,-553.64
P0052,Nisi Snack (BrandX),Snacks,2024-12-24,0,1,-557.91
P0052,Nisi Snack (BrandX),Snacks,2024-12-25,0,1,-560.4399999999999
P0052,Nisi Snack (BrandX),Snacks,2024-12-26,0,1,-564.43
P0052,Nisi Snack (BrandX),Snacks,2024-12-27,0,1,-564.43
P0052,Nisi Snack (BrandX),Snacks,2024-12-28,0,1,-568.6099999999999
P0052,Nisi Snack (BrandX),Snacks,2024-12-29,0,1,-573.1299999999999
P0052,Nisi Snack (BrandX),Snacks,2024-12-30,0,1,-576.5799999999999
P0053,Vitae Cleaning Supplie (Local),Cleaning Supplies,2024-12-21,1,1,-575.6200000000002
P0053,Vitae Cleaning Supplie (Local),Cleaning Supplies,2024-12-22,1,1,-577.7400000000002
P0053,Vitae Cleaning Supplie (Local),Cleaning Supplies,2024-12-23,1,1,-577.8400000000003
P0053,Vitae Cleaning Supplie (Local),Cleaning Supplies,2024-12-24,0,1,-580.6100000000002
P0053,Vitae Cleaning Supplie (Local),Cleaning Supplies,2024-12-25,0,1,-580.6100000000002
P0053,Vitae Cleaning Supplie (Local),Cleaning Supplies,2024-12-26,0,1,-580.6100000000002
P0053,Vitae Cleaning Supplie (Local),Cleaning Supplies,2024-12-27,0,1,-586.2900000000002
P0053,Vitae Cleaning Supplie (Local),Cleaning Supplies,2024-12-28,0,1,-589.1300000000002
P0053,Vitae Cleaning Supplie (Local),Cleaning Supplies,2024-12-29,0,1,-589.1300000000002
P0053,Vitae Cleaning Supplie (Local),Cleaning Supplies,2024-12-30,0,1,-592.4800000000002
P0054,Illo Beverage (Local),Beverages,2024-12-21,1,1,-617.69
P0054,Illo Beverage (Local),Beverages,2024-12-22,1,1,-618.87
P0054,Illo Beverage (Local),Beverages,2024-12-23,1,1,-618.97
P0054,Illo Beverage (Local),Beverages,2024-12-24,0,1,-620.96
P0054,Illo Beverage (Local),Beverages,2024-12-25,0,1,-626.9000000000001
P0054,Illo Beverage (Local),Beverages,2024-12-26,0,1,-626.9000000000001
P0054,Illo Beverage (Local),Beverages,2024-12-27,0,1,-631.0400000000001
P0054,Illo Beverage (Local),Beverages,2024-12-28,0,1,-633.2
P0054,Illo Beverage (Local),Beverages,2024-12-29,0,1,-639.19
P0054,Illo Beverage (Local),Beverages,2024-12-30,0,1,-644.12
P0055,Coriander Leaves (BrandX),Vegetables,2024-12-21,1,1,-561.8900000000001
P0055,Coriander Leaves (BrandX),Vegetables,2024-12-22,1,1,-565.2100000000002
P0055,Coriander Leaves (BrandX),Vegetables,2024-12-23,1,1,-566.9500000000002
P0055,Coriander Leaves (BrandX),Vegetables,2024-12-24,0,1,-566.9500000000002
P0055,Coriander Leaves (BrandX),Vegetables,2024-12-25,0,1,-566.9500000000002
P0055,Coriander Leaves (BrandX),Vegetables,2024-12-26,0,1,-566.9500000000002
P0055,Coriander Leaves (BrandX),Vegetables,2024-12-27,0,1,-566.9500000000002
P0055,Coriander Leaves (BrandX),Vegetables,2024-12-28,0,1,-566.9500000000002
P0055,Coriander Leaves (BrandX),Vegetables,2024-12-29,0,1,-566.9500000000002
P0055,Coriander Leaves (BrandX),Vegetables,2024-12-30,0,1,-566.9500000000002
P0056,Sapiente Cleaning Supplie (Premium),Cleaning Supplies,2024-12-21,1,1,-608.2200000000007
P0056,Sapiente Cleaning Supplie (Premium),Cleaning Supplies,2024-12-22,1,1,-608.2200000000007
P0056,Sapiente Cleaning Supplie (Premium),Cleaning Supplies,2024-12-23,1,1,-611.4500000000007
P0056,Sapiente Cleaning Supplie (Premium),Cleaning Supplies,2024-12-24,0,1,-611.4500000000007
P0056,Sapiente Cleaning Supplie (Premium),Cleaning Supplies,2024-12-25,0,1,-611.4500000000007
P0056,Sapiente Cleaning Supplie (Premium),Cleaning Supplies,2024-12-26,0,1,-611.4500000000007
P0056,Sapiente Cleaning Supplie (Premium),Cleaning Supplies,2024-12-27,0,1,-614.0200000000008
P0056,Sapiente Cleaning Supplie (Premium),Cleaning Supplies,2024-12-28,0,1,-615.8400000000008
P0056,Sapiente Cleaning Supplie (Premium),Cleaning Supplies,2024-12-29,0,1,-616.0400000000009
P0056,Sapiente Cleaning Supplie (Premium),Cleaning Supplies,2024-12-30,0,1,-620.6000000000008
P0057,Mangoes (Local),Fruits,2024-12-21,1,1,-652.1299999999999
P0057,Mangoes (Local),Fruits,2024-12-22,1,1,-654.3499999999999
P0057,Mangoes (Local),Fruits,2024-12-23,1,1,-658.3899999999999
P0057,Mangoes (Local),Fruits,2024-12-24,0,1,-659.5399999999998
P0057,Mangoes (Local),Fruits,2024-12-25,0,1,-659.6399999999999
P0057,Mangoes (Local),Fruits,2024-12-26,0,1,-662.1199999999999
P0057,Mangoes (Local),Fruits,2024-12-27,0,1,-664.1899999999999
P0057,Mangoes (Local),Fruits,2024-12-28,0,1,-667.8
P0057,Mangoes (Local),Fruits,2024-12-29,0,1,-670.9799999999999
P0057,Mangoes (Local),Fruits,2024-12-30,0,1,-671.9499999999999
P0058,Oranges (BrandX),Fruits,2024-12-21,1,1,-540.3300000000005
P0058,Oranges (BrandX),Fruits,2024-12-22,1,1,-540.4300000000005
P0058,Oranges (BrandX),Fruits,2024-12-23,1,1,-545.2800000000005
P0058,Oranges (BrandX),Fruits,2024-12-24,0,1,-550.5100000000006
P0058,Oranges (BrandX),Fruits,2024-12-25,0,1,-550.5100000000006
P0058,Oranges (BrandX),Fruits,2024-12-26,0,1,-550.5100000000006
P0058,Oranges (BrandX),Fruits,2024-12-27,0,1,-550.5100000000006
P0058,Oranges (BrandX),Fruits,2024-12-28,0,1,-558.8600000000006
P0058,Oranges (BrandX),Fruits,2024-12-29,0,1,-559.0400000000005
P0058,Oranges (BrandX),Fruits,2024-12-30,0,1,-559.0400000000005
P0059,Mangoes (BrandX),Fruits,2024-12-21,1,1,-517.9899999999998
P0059,Mangoes (BrandX),Fruits,2024-12-22,1,1,-520.3099999999998
P0059,Mangoes (BrandX),Fruits,2024-12-23,1,1,-520.3099999999998
P0059,Mangoes (BrandX),Fruits,2024-12-24,0,1,-524.8799999999999
P0059,Mangoes (BrandX),Fruits,2024-12-25,0,1,-526.6799999999998
P0059,Mangoes (BrandX),Fruits,2024-12-26,0,1,-530.6699999999998
P0059,Mangoes (BrandX),Fruits,2024-12-27,0,1,-531.7099999999998
P0059,Mangoes (BrandX),Fruits,2024-12-28,0,1,-532.7099999999998
P0059,Mangoes (BrandX),Fruits,2024-12-29,0,1,-532.7099999999998
P0059,Mangoes (BrandX),Fruits,2024-12-30,0,1,-536.5999999999998
P0060,Amul Milk 1L (BrandX),Dairy,2024-12-21,1,1,-491.44000000000034
P0060,Amul Milk 1L (BrandX),Dairy,2024-12-22,1,1,-494.4000000000003
P0060,Amul Milk 1L (BrandX),Dairy,2024-12-23,1,1,-494.4000000000003
P0060,Amul Milk 1L (BrandX),Dairy,2024-12-24,0,1,-498.4800000000003
P0060,Amul Milk 1L (BrandX),Dairy,2024-12-25,0,1,-498.4800000000003
P0060,Amul Milk 1L (BrandX),Dairy,2024-12-26,0,1,-500.6700000000003
P0060,Amul Milk 1L (BrandX),Dairy,2024-12-27,0,1,-500.6700000000003
P0060,Amul Milk 1L (BrandX),Dairy,2024-12-28,0,1,-500.6700000000003
P0060,Amul Milk 1L (BrandX),Dairy,2024-12-29,0,1,-503.1500000000003
P0060,Amul Milk 1L (BrandX),Dairy,2024-12-30,0,1,-503.1500000000003
P0061,Sunt Snack (BrandX),Snacks,2024-12-21,1,1,-568.2900000000001
P0061,Sunt Snack (BrandX),Snacks,2024-12-22,1,1,-571.6600000000001
P0061,Sunt Snack (BrandX),Snacks,2024-12-23,1,1,-571.6600000000001
P0061,Sunt Snack (BrandX),Snacks,2024-12-24,0,1,-575.59
P0061,Sunt Snack (BrandX),Snacks,2024-12-25,0,1,-575.59
P0061,Sunt Snack (BrandX),Snacks,2024-12-26,0,1,-583.24
P0061,Sunt Snack (BrandX),Snacks,2024-12-27,0,1,-583.24
P0061,Sunt Snack (BrandX),Snacks,2024-12-28,0,1,-583.24
P0061,Sunt Snack (BrandX),Snacks,2024-12-29,0,1,-586.54
P0061,Sunt Snack (BrandX),Snacks,2024-12-30,0,1,-590.06
P0062,Mangoes (Local),Fruits,2024-12-21,1,1,-647.1499999999999
P0062,Mangoes (Local),Fruits,2024-12-22,1,1,-647.1499999999999
P0062,Mangoes (Local),Fruits,2024-12-23,1,1,-647.1499999999999
P0062,Mangoes (Local),Fruits,2024-12-24,0,1,-649.4899999999999
P0062,Mangoes (Local),Fruits,2024-12-25,0,1,-654.9399999999999
P0062,Mangoes (Local),Fruits,2024-12-26,0,1,-659.6199999999999
P0062,Mangoes (Local),Fruits,2024-12-27,0,1,-659.7199999999999
P0062,Mangoes (Local),Fruits,2024-12-28,0,1,-661.8199999999999
P0062,Mangoes (Local),Fruits,2024-12-29,0,1,-661.92
P0062,Mangoes (Local),Fruits,2024-12-30,0,1,-664.41
P0063,Basmati Rice 5kg (Local),Staples,2024-12-21,1,1,-554.1100000000004
P0063,Basmati Rice 5kg (Local),Staples,2024-12-22,1,1,-554.1100000000004
P0063,Basmati Rice 5kg (Local),Staples,2024-12-23,1,1,-554.1100000000004
P0063,Basmati Rice 5kg (Local),Staples,2024-12-24,0,1,-559.8100000000004
P0063,Basmati Rice 5kg (Local),Staples,2024-12-25,0,1,-564.6100000000004
P0063,Basmati Rice 5kg (Local),Staples,2024-12-26,0,1,-567.8500000000004
P0063,Basmati Rice 5kg (Local),Staples,2024-12-27,0,1,-572.7400000000004
P0063,Basmati Rice 5kg (Local),Staples,2024-12-28,0,1,-576.1600000000003
P0063,Basmati Rice 5kg (Local),Staples,2024-12-29,0,1,-576.1600000000003
P0063,Basmati Rice 5kg (Local),Staples,2024-12-30,0,1,-581.9700000000003
P0064,Vel Personal Car (Local),Personal Care,2024-12-21,1,1,-593.6700000000002
P0064,Vel Personal Car (Local),Personal Care,2024-12-22,1,1,-598.6600000000002
P0064,Vel Personal Car (Local),Personal Care,2024-12-23,1,1,-602.7800000000002
P0064,Vel Personal Car (Local),Personal Care,2024-12-24,0,1,-607.0500000000002
P0064,Vel Personal Car (Local),Personal Care,2024-12-25,0,1,-608.9800000000001
P0064,Vel Personal Car (Local),Personal Care,2024-12-26,0,1,-608.9800000000001
P0064,Vel Personal Car (Local),Personal Care,2024-12-27,0,1,-608.9800000000001
P0064,Vel Personal Car (Local),Personal Care,2024-12-28,0,1,-611.9800000000001
P0064,Vel Personal Car (Local),Personal Care,2024-12-29,0,1,-611.9800000000001
P0064,Vel Personal Car (Local),Personal Care,2024-12-30,0,1,-611.9800000000001
P0065,Onions (Local),Vegetables,2024-12-21,1,1,-518.2100000000003
P0065,Onions (Local),Vegetables,2024-12-22,1,1,-518.4000000000003
P0065,Onions (Local),Vegetables,2024-12-23,1,1,-518.4000000000003
P0065,Onions (Local),Vegetables,2024-12-24,0,1,-518.4000000000003
P0065,Onions (Local),Vegetables,2024-12-25,0,1,-520.6400000000003
P0065,Onions (Local),Vegetables,2024-12-26,0,1,-523.0200000000003
P0065,Onions (Local),Vegetables,2024-12-27,0,1,-525.3900000000003
P0065,Onions (Local),Vegetables,2024-12-28,0,1,-534.9400000000003
P0065,Onions (Local),Vegetables,2024-12-29,0,1,-536.2500000000002
P0065,Onions (Local),Vegetables,2024-12-30,0,1,-536.2500000000002
P0066,Mangoes (Premium),Fruits,2024-12-21,1,1,-540.5400000000002
P0066,Mangoes (Premium),Fruits,2024-12-22,1,1,-541.3600000000002
P0066,Mangoes (Premium),Fruits,2024-12-23,1,1,-541.3600000000002
P0066,Mangoes (Premium),Fruits,2024-12-24,0,1,-543.4900000000002
P0066,Mangoes (Premium),Fruits,2024-12-25,0,1,-544.8100000000003
P0066,Mangoes (Premium),Fruits,2024-12-26,0,1,-546.8400000000003
P0066,Mangoes (Premium),Fruits,2024-12-27,0,1,-546.8400000000003
P0066,Mangoes (Premium),Fruits,2024-12-28,0,1,-552.9600000000003
P0066,Mangoes (Premium),Fruits,2024-12-29,0,1,-553.6800000000003
P0066,Mangoes (Premium),Fruits,2024-12-30,0,1,-559.5500000000003
P0067,Paneer 200g (Local),Dairy,2024-12-21,1,1,-621.6299999999998
P0067,Paneer 200g (Local),Dairy,2024-12-22,1,1,-624.2299999999998
P0067,Paneer 200g (Local),Dairy,2024-12-23,1,1,-624.2299999999998
P0067,Paneer 200g (Local),Dairy,2024-12-24,0,1,-624.2299999999998
P0067,Paneer 200g (Local),Dairy,2024-12-25,0,1,-630.2799999999997
P0067,Paneer 200g (Local),Dairy,2024-12-26,0,1,-637.0699999999997
P0067,Paneer 200g (Local),Dairy,2024-12-27,0,1,-637.6099999999997
P0067,Paneer 200g (Local),Dairy,2024-12-28,0,1,-640.1399999999996
P0067,Paneer 200g (Local),Dairy,2024-12-29,0,1,-640.1399999999996
P0067,Paneer 200g (Local),Dairy,2024-12-30,0,1,-643.2999999999996
P0068,Reprehenderit Cleaning Supplie (Local),Cleaning Supplies,2024-12-21,1,1,-600.0599999999996
P0068,Reprehenderit Cleaning Supplie (Local),Cleaning Supplies,2024-12-22,1,1,-601.7599999999996
P0068,Reprehenderit Cleaning Supplie (Local),Cleaning Supplies,2024-12-23,1,1,-604.7699999999996
P0068,Reprehenderit Cleaning Supplie (Local),Cleaning Supplies,2024-12-24,0,1,-605.5199999999996
P0068,Reprehenderit Cleaning Supplie (Local),Cleaning Supplies,2024-12-25,0,1,-605.5199999999996
P0068,Reprehenderit Cleaning Supplie (Local),Cleaning Supplies,2024-12-26,0,1,-611.6999999999996
P0068,Reprehenderit Cleaning Supplie (Local),Cleaning Supplies,2024-12-27,0,1,-611.6999999999996
P0068,Reprehenderit Cleaning Supplie (Local),Cleaning Supplies,2024-12-28,0,1,-611.6999999999996
P0068,Reprehenderit Cleaning Supplie (Local),Cleaning Supplies,2024-12-29,0,1,-611.6999999999996
P0068,Reprehenderit Cleaning Supplie (Local),Cleaning Supplies,2024-12-30,0,1,-611.6999999999996
P0069,Accusantium Snack (BrandX),Snacks,2024-12-21,1,1,-540.68
P0069,Accusantium Snack (BrandX),Snacks,2024-12-22,1,1,-543.4699999999999
P0069,Accusantium Snack (BrandX),Snacks,2024-12-23,1,1,-543.4699999999999
P0069,Accusantium Snack (BrandX),Snacks,2024-12-24,0,1,-546.2399999999999
P0069,Accusantium Snack (BrandX),Snacks,2024-12-25,0,1,-546.2399999999999
P0069,Accusantium Snack (BrandX),Snacks,2024-12-26,0,1,-546.3399999999999
P0069,Accusantium Snack (BrandX),Snacks,2024-12-27,0,1,-546.3399999999999
P0069,Accusantium Snack (BrandX),Snacks,2024-12-28,0,1,-546.3399999999999
P0069,Accusantium Snack (BrandX),Snacks,2024-12-29,0,1,-547.4899999999999
P0069,Accusantium Snack (BrandX),Snacks,2024-12-30,0,1,-547.4899999999999
P0070,Amet Cleaning Supplie (Premium),Cleaning Supplies,2024-12-21,1,1,-521.4399999999997
P0070,Amet Cleaning Supplie (Premium),Cleaning Supplies,2024-12-22,1,1,-521.4399999999997
P0070,Amet Cleaning Supplie (Premium),Cleaning Supplies,2024-12-23,1,1,-521.4399999999997
P0070,Amet Cleaning Supplie (Premium),Cleaning Supplies,2024-12-24,0,1,-524.3299999999997
P0070,Amet Cleaning Supplie (Premium),Cleaning Supplies,2024-12-25,0,1,-524.3299999999997
P0070,Amet Cleaning Supplie (Premium),Cleaning Supplies,2024-12-26,0,1,-525.4399999999997
P0070,Amet Cleaning Supplie (Premium),Cleaning Supplies,2024-12-27,0,1,-525.4399999999997
P0070,Amet Cleaning Supplie (Premium),Cleaning Supplies,2024-12-28,0,1,-528.7799999999997
P0070,Amet Cleaning Supplie (Premium),Cleaning Supplies,2024-12-29,0,1,-532.2799999999997
P0070,Amet Cleaning Supplie (Premium),Cleaning Supplies,2024-12-30,0,1,-533.5899999999997
P0071,Fresh Tomatoes (Premium),Vegetables,2024-12-21,1,1,-547.9100000000001
P0071,Fresh Tomatoes (Premium),Vegetables,2024-12-22,1,1,-548.0100000000001
P0071,Fresh Tomatoes (Premium),Vegetables,2024-12-23,1,1,-551.6500000000001
P0071,Fresh Tomatoes (Premium),Vegetables,2024-12-24,0,1,-556.3500000000001
P0071,Fresh Tomatoes (Premium),Vegetables,2024-12-25,0,1,-558.6700000000002
P0071,Fresh Tomatoes (Premium),Vegetables,2024-12-26,0,1,-562.4100000000002
P0071,Fresh Tomatoes (Premium),Vegetables,2024-12-27,0,1,-562.4100000000002
P0071,Fresh Tomatoes (Premium),Vegetables,2024-12-28,0,1,-562.4100000000002
P0071,Fresh Tomatoes (Premium),Vegetables,2024-12-29,0,1,-567.7900000000002
P0071,Fresh Tomatoes (Premium),Vegetables,2024-12-30,0,1,-567.7900000000002
P0072,Ladyfinger (Local),Vegetables,2024-12-21,1,1,-568.4900000000004
P0072,Ladyfinger (Local),Vegetables,2024-12-22,1,1,-569.3900000000003
P0072,Ladyfinger (Local),Vegetables,2024-12-23,1,1,-571.7900000000003
P0072,Ladyfinger (Local),Vegetables,2024-12-24,0,1,-571.7900000000003
P0072,Ladyfinger (Local),Vegetables,2024-12-25,0,1,-575.6900000000003
P0072,Ladyfinger (Local),Vegetables,2024-12-26,0,1,-578.7800000000003
P0072,Ladyfinger (Local),Vegetables,2024-12-27,0,1,-585.2700000000003
P0072,Ladyfinger (Local),Vegetables,2024-12-28,0,1,-589.4700000000004
P0072,Ladyfinger (Local),Vegetables,2024-12-29,0,1,-596.6700000000004
P0072,Ladyfinger (Local),Vegetables,2024-12-30,0,1,-596.6700000000004
P0073,Consectetur Snack (Premium),Snacks,2024-12-21,1,1,-599.6100000000002
P0073,Consectetur Snack (Premium),Snacks,2024-12-22,1,1,-599.6100000000002
P0073,Consectetur Snack (Premium),Snacks,2024-12-23,1,1,-600.9200000000002
P0073,Consectetur Snack (Premium),Snacks,2024-12-24,0,1,-602.7700000000002
P0073,Consectetur Snack (Premium),Snacks,2024-12-25,0,1,-602.7700000000002
P0073,Consectetur Snack (Premium),Snacks,2024-12-26,0,1,-607.6500000000002
P0073,Consectetur Snack (Premium),Snacks,2024-12-27,0,1,-610.3700000000002
P0073,Consectetur Snack (Premium),Snacks,2024-12-28,0,1,-610.4700000000003
P0073,Consectetur Snack (Premium),Snacks,2024-12-29,0,1,-610.6500000000002
P0073,Consectetur Snack (Premium),Snacks,2024-12-30,0,1,-613.6200000000002
P0074,Nemo Personal Car (Premium),Personal Care,2024-12-21,1,1,-513.5399999999998
P0074,Nemo Personal Car (Premium),Personal Care,2024-12-22,1,1,-513.5399999999998
P0074,Nemo Personal Car (Premium),Personal Care,2024-12-23,1,1,-517.8699999999999
P0074,Nemo Personal Car (Premium),Personal Care,2024-12-24,0,1,-520.9599999999999
P0074,Nemo Personal Car (Premium),Personal Care,2024-12-25,0,1,-520.9599999999999
P0074,Nemo Personal Car (Premium),Personal Care,2024-12-26,0,1,-525.2499999999999
P0074,Nemo Personal Car (Premium),Personal Care,2024-12-27,0,1,-526.3599999999999
P0074,Nemo Personal Car (Premium),Personal Care,2024-12-28,0,1,-526.3599999999999
P0074,Nemo Personal Car (Premium),Personal Care,2024-12-29,0,1,-526.3599999999999
P0074,Nemo Personal Car (Premium),Personal Care,2024-12-30,0,1,-527.0299999999999
P0075,Repellat Personal Car (Premium),Personal Care,2024-12-21,1,1,-576.88
P0075,Repellat Personal Car (Premium),Personal Care,2024-12-22,1,1,-578.31
P0075,Repellat Personal Car (Premium),Personal Care,2024-12-23,1,1,-584.3299999999999
P0075,Repellat Personal Car (Premium),Personal Care,2024-12-24,0,1,-587.4599999999999
P0075,Repellat Personal Car (Premium),Personal Care,2024-12-25,0,1,-587.4599999999999
P0075,Repellat Personal Car (Premium),Personal Care,2024-12-26,0,1,-590.92
P0075,Repellat Personal Car (Premium),Personal Care,2024-12-27,0,1,-590.92
P0075,Repellat Personal Car (Premium),Personal Care,2024-12-28,0,1,-590.92
P0075,Repellat Personal Car (Premium),Personal Care,2024-12-29,0,1,-593.15
P0075,Repellat Personal Car (Premium),Personal Care,2024-12-30,0,1,-593.15
P0076,Pomegranates (Local),Fruits,2024-12-21,1,1,-576.2400000000001
P0076,Pomegranates (Local),Fruits,2024-12-22,1,1,-581.9200000000001
P0076,Pomegranates (Local),Fruits,2024-12-23,1,1,-581.9200000000001
P0076,Pomegranates (Local),Fruits,2024-12-24,0,1,-581.9200000000001
P0076,Pomegranates (Local),Fruits,2024-12-25,0,1,-584.57
P0076,Pomegranates (Local),Fruits,2024-12-26,0,1,-590.71
P0076,Pomegranates (Local),Fruits,2024-12-27,0,1,-590.71
P0076,Pomegranates (Local),Fruits,2024-12-28,0,1,-592.34
P0076,Pomegranates (Local),Fruits,2024-12-29,0,1,-592.34
P0076,Pomegranates (Local),Fruits,2024-12-30,0,1,-592.44
P0077,Onions (Premium),Vegetables,2024-12-21,1,1,-580.3100000000003
P0077,Onions (Premium),Vegetables,2024-12-22,1,1,-583.8500000000003
P0077,Onions (Premium),Vegetables,2024-12-23,1,1,-588.6300000000002
P0077,Onions (Premium),Vegetables,2024-12-24,0,1,-588.6300000000002
P0077,Onions (Premium),Vegetables,2024-12-25,0,1,-591.3800000000002
P0077,Onions (Premium),Vegetables,2024-12-26,0,1,-591.3800000000002
P0077,Onions (Premium),Vegetables,2024-12-27,0,1,-593.8500000000003
P0077,Onions (Premium),Vegetables,2024-12-28,0,1,-595.5700000000003
P0077,Onions (Premium),Vegetables,2024-12-29,0,1,-595.5700000000003
P0077,Onions (Premium),Vegetables,2024-12-30,0,1,-598.2500000000002
P0078,Consectetur Snack (BrandX),Snacks,2024-12-21,1,1,-559.6800000000003
P0078,Consectetur Snack (BrandX),Snacks,2024-12-22,1,1,-562.8000000000003
P0078,Consectetur Snack (BrandX),Snacks,2024-12-23,1,1,-562.8000000000003
P0078,Consectetur Snack (BrandX),Snacks,2024-12-24,0,1,-562.8000000000003
P0078,Consectetur Snack (BrandX),Snacks,2024-12-25,0,1,-562.8000000000003
P0078,Consectetur Snack (BrandX),Snacks,2024-12-26,0,1,-566.4200000000003
P0078,Consectetur Snack (BrandX),Snacks,2024-12-27,0,1,-573.0300000000003
P0078,Consectetur Snack (BrandX),Snacks,2024-12-28,0,1,-577.6500000000003
P0078,Consectetur Snack (BrandX),Snacks,2024-12-29,0,1,-577.6500000000003
P0078,Consectetur Snack (BrandX),Snacks,2024-12-30,0,1,-581.9500000000003
P0079,Blanditiis Snack (BrandX),Snacks,2024-12-21,1,1,-541.0800000000002
P0079,Blanditiis Snack (BrandX),Snacks,2024-12-22,1,1,-541.0800000000002
P0079,Blanditiis Snack (BrandX),Snacks,2024-12-23,1,1,-543.2100000000002
P0079,Blanditiis Snack (BrandX),Snacks,2024-12-24,0,1,-543.2100000000002
P0079,Blanditiis Snack (BrandX),Snacks,2024-12-25,0,1,-547.2300000000001
P0079,Blanditiis Snack (BrandX),Snacks,2024-12-26,0,1,-547.5900000000001
P0079,Blanditiis Snack (BrandX),Snacks,2024-12-27,0,1,-550.0700000000002
P0079,Blanditiis Snack (BrandX),Snacks,2024-12-28,0,1,-550.0700000000002
P0079,Blanditiis Snack (BrandX),Snacks,2024-12-29,0,1,-550.0700000000002
P0079,Blanditiis Snack (BrandX),Snacks,2024-12-30,0,1,-555.7000000000002
P0080,Butter 100g (Local),Dairy,2024-12-21,1,1,-556.8399999999997
P0080,Butter 100g (Local),Dairy,2024-12-22,1,1,-556.8399999999997
P0080,Butter 100g (Local),Dairy,2024-12-23,1,1,-560.7999999999997
P0080,Butter 100g (Local),Dairy,2024-12-24,0,1,-560.7999999999997
P0080,Butter 100g (Local),Dairy,2024-12-25,0,1,-564.4699999999997
P0080,Butter 100g (Local),Dairy,2024-12-26,0,1,-567.6399999999996
P0080,Butter 100g (Local),Dairy,2024-12-27,0,1,-572.3999999999996
P0080,Butter 100g (Local),Dairy,2024-12-28,0,1,-575.9499999999996
P0080,Butter 100g (Local),Dairy,2024-12-29,0,1,-578.4599999999996
P0080,Butter 100g (Local),Dairy,2024-12-30,0,1,-578.4599999999996
P0081,Mangoes (BrandX),Fruits,2024-12-21,1,1,-630.38
P0081,Mangoes (BrandX),Fruits,2024-12-22,1,1,-630.38
P0081,Mangoes (BrandX),Fruits,2024-12-23,1,1,-630.38
P0081,Mangoes (BrandX),Fruits,2024-12-24,0,1,-630.38
P0081,Mangoes (BrandX),Fruits,2024-12-25,0,1,-631.97
P0081,Mangoes (BrandX),Fruits,2024-12-26,0,1,-638.78
P0081,Mangoes (BrandX),Fruits,2024-12-27,0,1,-640.67
P0081,Mangoes (BrandX),Fruits,2024-12-28,0,1,-640.77
P0081,Mangoes (BrandX),Fruits,2024-12-29,0,1,-640.77
P0081,Mangoes (BrandX),Fruits,2024-12-30,0,1,-640.77
P0082,Maiores Snack (Local),Snacks,2024-12-21,1,1,-620.8200000000003
P0082,Maiores Snack (Local),Snacks,2024-12-22,1,1,-625.1100000000002
P0082,Maiores Snack (Local),Snacks,2024-12-23,1,1,-629.3700000000002
P0082,Maiores Snack (Local),Snacks,2024-12-24,0,1,-630.1600000000002
P0082,Maiores Snack (Local),Snacks,2024-12-25,0,1,-635.6500000000002
P0082,Maiores Snack (Local),Snacks,2024-12-26,0,1,-641.7600000000002
P0082,Maiores Snack (Local),Snacks,2024-12-27,0,1,-641.7600000000002
P0082,Maiores Snack (Local),Snacks,2024-12-28,0,1,-646.0200000000002
P0082,Maiores Snack (Local),Snacks,2024-12-29,0,1,-646.0200000000002
P0082,Maiores Snack (Local),Snacks,2024-12-30,0,1,-646.0200000000002
P0083,Apples (BrandX),Fruits,2024-12-21,1,1,-523.59
P0083,Apples (BrandX),Fruits,2024-12-22,1,1,-523.59
P0083,Apples (BrandX),Fruits,2024-12-23,1,1,-523.69
P0083,Apples (BrandX),Fruits,2024-12-24,0,1,-523.7900000000001
P0083,Apples (BrandX),Fruits,2024-12-25,0,1,-523.7900000000001
P0083,Apples (BrandX),Fruits,2024-12-26,0,1,-526.8600000000001
P0083,Apples (BrandX),Fruits,2024-12-27,0,1,-530.0900000000001
P0083,Apples (BrandX),Fruits,2024-12-28,0,1,-532.7500000000001
P0083,Apples (BrandX),Fruits,2024-12-29,0,1,-536.5800000000002
P0083,Apples (BrandX),Fruits,2024-12-30,0,1,-539.4300000000002
P0084,Apples (BrandX),Fruits,2024-12-21,1,1,-570.0299999999996
P0084,Apples (BrandX),Fruits,2024-12-22,1,1,-573.8199999999996
P0084,Apples (BrandX),Fruits,2024-12-23,1,1,-573.8199999999996
P0084,Apples (BrandX),Fruits,2024-12-24,0,1,-573.8199999999996
P0084,Apples (BrandX),Fruits,2024-12-25,0,1,-573.8199999999996
P0084,Apples (BrandX),Fruits,2024-12-26,0,1,-573.9199999999996
P0084,Apples (BrandX),Fruits,2024-12-27,0,1,-573.9199999999996
P0084,Apples (BrandX),Fruits,2024-12-28,0,1,-573.9199999999996
P0084,Apples (BrandX),Fruits,2024-12-29,0,1,-577.0499999999996
P0084,Apples (BrandX),Fruits,2024-12-30,0,1,-581.1699999999996
P0085,Molestiae Beverage (Premium),Beverages,2024-12-21,1,1,-620.2500000000005
P0085,Molestiae Beverage (Premium),Beverages,2024-12-22,1,1,-622.8000000000004
P0085,Molestiae Beverage (Premium),Beverages,2024-12-23,1,1,-628.6600000000004
P0085,Molestiae Beverage (Premium),Beverages,2024-12-24,0,1,-628.6600000000004
P0085,Molestiae Beverage (Premium),Beverages,2024-12-25,0,1,-628.6600000000004
P0085,Molestiae Beverage (Premium),Beverages,2024-12-26,0,1,-628.6600000000004
P0085,Molestiae Beverage (Premium),Beverages,2024-12-27,0,1,-634.8400000000004
P0085,Molestiae Beverage (Premium),Beverages,2024-12-28,0,1,-634.8400000000004
P0085,Molestiae Beverage (Premium),Beverages,2024-12-29,0,1,-635.8400000000004
P0085,Molestiae Beverage (Premium),Beverages,2024-12-30,0,1,-635.8400000000004
P0086,Labore Personal Car (Local),Personal Care,2024-12-21,1,1,-604.1000000000004
P0086,Labore Personal Car (Local),Personal Care,2024-12-22,1,1,-607.7800000000003
P0086,Labore Personal Car (Local),Personal Care,2024-12-23,1,1,-607.7800000000003
P0086,Labore Personal Car (Local),Personal Care,2024-12-24,0,1,-607.7800000000003
P0086,Labore Personal Car (Local),Personal Care,2024-12-25,0,1,-607.7800000000003
P0086,Labore Personal Car (Local),Personal Care,2024-12-26,0,1,-611.8100000000003
P0086,Labore Personal Car (Local),Personal Care,2024-12-27,0,1,-611.8100000000003
P0086,Labore Personal Car (Local),Personal Care,2024-12-28,0,1,-614.3700000000002
P0086,Labore Personal Car (Local),Personal Care,2024-12-29,0,1,-614.3700000000002
P0086,Labore Personal Car (Local),Personal Care,2024-12-30,0,1,-617.8100000000003
P0087,Curd 500g (BrandX),Dairy,2024-12-21,1,1,-628.22
P0087,Curd 500g (BrandX),Dairy,2024-12-22,1,1,-632.9100000000001
P0087,Curd 500g (BrandX),Dairy,2024-12-23,1,1,-633.97
P0087,Curd 500g (BrandX),Dairy,2024-12-24,0,1,-633.97
P0087,Curd 500g (BrandX),Dairy,2024-12-25,0,1,-633.97
P0087,Curd 500g (BrandX),Dairy,2024-12-26,0,1,-638.0500000000001
P0087,Curd 500g (BrandX),Dairy,2024-12-27,0,1,-642.09
P0087,Curd 500g (BrandX),Dairy,2024-12-28,0,1,-642.09
P0087,Curd 500g (BrandX),Dairy,2024-12-29,0,1,-642.09
P0087,Curd 500g (BrandX),Dairy,2024-12-30,0,1,-647.88
P0088,Dicta Beverage (BrandX),Beverages,2024-12-21,1,1,-638.3200000000002
P0088,Dicta Beverage (BrandX),Beverages,2024-12-22,1,1,-639.1700000000002
P0088,Dicta Beverage (BrandX),Beverages,2024-12-23,1,1,-642.7000000000002
P0088,Dicta Beverage (BrandX),Beverages,2024-12-24,0,1,-644.4800000000001
P0088,Dicta Beverage (BrandX),Beverages,2024-12-25,0,1,-646.7200000000001
P0088,Dicta Beverage (BrandX),Beverages,2024-12-26,0,1,-649.5500000000002
P0088,Dicta Beverage (BrandX),Beverages,2024-12-27,0,1,-651.7600000000002
P0088,Dicta Beverage (BrandX),Beverages,2024-12-28,0,1,-651.8600000000002
P0088,Dicta Beverage (BrandX),Beverages,2024-12-29,0,1,-655.9300000000003
P0088,Dicta Beverage (BrandX),Beverages,2024-12-30,0,1,-655.9300000000003
P0089,Odio Personal Car (BrandX),Personal Care,2024-12-21,1,1,-650.9
P0089,Odio Personal Car (BrandX),Personal Care,2024-12-22,1,1,-652.7099999999999
P0089,Odio Personal Car (BrandX),Personal Care,2024-12-23,1,1,-654.8699999999999
P0089,Odio Personal Car (BrandX),Personal Care,2024-12-24,0,1,-657.9699999999999
P0089,Odio Personal Car (BrandX),Personal Care,2024-12-25,0,1,-657.9699999999999
P0089,Odio Personal Car (BrandX),Personal Care,2024-12-26,0,1,-661.8199999999999
P0089,Odio Personal Car (BrandX),Personal Care,2024-12-27,0,1,-661.8199999999999
P0089,Odio Personal Car (BrandX),Personal Care,2024-12-28,0,1,-661.8199999999999
P0089,Odio Personal Car (BrandX),Personal Care,2024-12-29,0,1,-661.8199999999999
P0089,Odio Personal Car (BrandX),Personal Care,2024-12-30,0,1,-662.55
P0090,Omnis Personal Car (Local),Personal Care,2024-12-21,1,1,-589.8000000000003
P0090,Omnis Personal Car (Local),Personal Care,2024-12-22,1,1,-589.9000000000003
P0090,Omnis Personal Car (Local),Personal Care,2024-12-23,1,1,-593.3500000000004
P0090,Omnis Personal Car (Local),Personal Care,2024-12-24,0,1,-597.8300000000004
P0090,Omnis Personal Car (Local),Personal Care,2024-12-25,0,1,-601.6600000000004
P0090,Omnis Personal Car (Local),Personal Care,2024-12-26,0,1,-604.3300000000004
P0090,Omnis Personal Car (Local),Personal Care,2024-12-27,0,1,-604.3300000000004
P0090,Omnis Personal Car (Local),Personal Care,2024-12-28,0,1,-604.3300000000004
P0090,Omnis Personal Car (Local),Personal Care,2024-12-29,0,1,-609.8800000000003
P0090,Omnis Personal Car (Local),Personal Care,2024-12-30,0,1,-613.5700000000004
P0091,Sit Personal Car (Premium),Personal Care,2024-12-21,1,1,-581.1400000000001
P0091,Sit Personal Car (Premium),Personal Care,2024-12-22,1,1,-587.4300000000001
P0091,Sit Personal Car (Premium),Personal Care,2024-12-23,1,1,-587.4300000000001
P0091,Sit Personal Car (Premium),Personal Care,2024-12-24,0,1,-590.0100000000001
P0091,Sit Personal Car (Premium),Personal Care,2024-12-25,0,1,-593.94
P0091,Sit Personal Car (Premium),Personal Care,2024-12-26,0,1,-597.72
P0091,Sit Personal Car (Premium),Personal Care,2024-12-27,0,1,-597.82
P0091,Sit Personal Car (Premium),Personal Care,2024-12-28,0,1,-598.96
P0091,Sit Personal Car (Premium),Personal Care,2024-12-29,0,1,-598.96
P0091,Sit Personal Car (Premium),Personal Care,2024-12-30,0,1,-598.96
P0092,Dicta Beverage (Local),Beverages,2024-12-21,1,1,-630.1500000000005
P0092,Dicta Beverage (Local),Beverages,2024-12-22,1,1,-630.1500000000005
P0092,Dicta Beverage (Local),Beverages,2024-12-23,1,1,-633.3800000000006
P0092,Dicta Beverage (Local),Beverages,2024-12-24,0,1,-635.2600000000006
P0092,Dicta Beverage (Local),Beverages,2024-12-25,0,1,-635.2600000000006
P0092,Dicta Beverage (Local),Beverages,2024-12-26,0,1,-641.1200000000006
P0092,Dicta Beverage (Local),Beverages,2024-12-27,0,1,-647.0400000000005
P0092,Dicta Beverage (Local),Beverages,2024-12-28,0,1,-647.0400000000005
P0092,Dicta Beverage (Local),Beverages,2024-12-29,0,1,-648.1100000000006
P0092,Dicta Beverage (Local),Beverages,2024-12-30,0,1,-648.1100000000006
P0093,Wheat Flour 10kg (Premium),Staples,2024-12-21,1,1,-531.2599999999999
P0093,Wheat Flour 10kg (Premium),Staples,2024-12-22,1,1,-531.2599999999999
P0093,Wheat Flour 10kg (Premium),Staples,2024-12-23,1,1,-531.2599999999999
P0093,Wheat Flour 10kg (Premium),Staples,2024-12-24,0,1,-533.7699999999999
P0093,Wheat Flour 10kg (Premium),Staples,2024-12-25,0,1,-533.7699999999999
P0093,Wheat Flour 10kg (Premium),Staples,2024-12-26,0,1,-535.7499999999999
P0093,Wheat Flour 10kg (Premium),Staples,2024-12-27,0,1,-535.7499999999999
P0093,Wheat Flour 10kg (Premium),Staples,2024-12-28,0,1,-540.0999999999999
P0093,Wheat Flour 10kg (Premium),Staples,2024-12-29,0,1,-540.0999999999999
P0093,Wheat Flour 10kg (Premium),Staples,2024-12-30,0,1,-540.0999999999999
P0094,Oranges (Local),Fruits,2024-12-21,1,1,-512.1600000000002
P0094,Oranges (Local),Fruits,2024-12-22,1,1,-512.1600000000002
P0094,Oranges (Local),Fruits,2024-12-23,1,1,-513.7900000000002
P0094,Oranges (Local),Fruits,2024-12-24,0,1,-515.7100000000002
P0094,Oranges (Local),Fruits,2024-12-25,0,1,-515.7100000000002
P0094,Oranges (Local),Fruits,2024-12-26,0,1,-516.7300000000001
P0094,Oranges (Local),Fruits,2024-12-27,0,1,-522.0900000000001
P0094,Oranges (Local),Fruits,2024-12-28,0,1,-524.9900000000001
P0094,Oranges (Local),Fruits,2024-12-29,0,1,-527.3400000000001
P0094,Oranges (Local),Fruits,2024-12-30,0,1,-530.6100000000001
P0095,Fresh Tomatoes (BrandX),Vegetables,2024-12-21,1,1,-574.8400000000005
P0095,Fresh Tomatoes (BrandX),Vegetables,2024-12-22,1,1,-574.8400000000005
P0095,Fresh Tomatoes (BrandX),Vegetables,2024-12-23,1,1,-579.5200000000004
P0095,Fresh Tomatoes (BrandX),Vegetables,2024-12-24,0,1,-582.0400000000004
P0095,Fresh Tomatoes (BrandX),Vegetables,2024-12-25,0,1,-585.1000000000004
P0095,Fresh Tomatoes (BrandX),Vegetables,2024-12-26,0,1,-587.2800000000003
P0095,Fresh Tomatoes (BrandX),Vegetables,2024-12-27,0,1,-590.1700000000003
P0095,Fresh Tomatoes (BrandX),Vegetables,2024-12-28,0,1,-590.1700000000003
P0095,Fresh Tomatoes (BrandX),Vegetables,2024-12-29,0,1,-590.1700000000003
P0095,Fresh Tomatoes (BrandX),Vegetables,2024-12-30,0,1,-592.1100000000004
P0096,Impedit Personal Car (BrandX),Personal Care,2024-12-21,1,1,-589.4300000000006
P0096,Impedit Personal Car (BrandX),Personal Care,2024-12-22,1,1,-594.1000000000006
P0096,Impedit Personal Car (BrandX),Personal Care,2024-12-23,1,1,-597.5500000000006
P0096,Impedit Personal Car (BrandX),Personal Care,2024-12-24,0,1,-597.9700000000006
P0096,Impedit Personal Car (BrandX),Personal Care,2024-12-25,0,1,-605.6800000000006
P0096,Impedit Personal Car (BrandX),Personal Care,2024-12-26,0,1,-605.6800000000006
P0096,Impedit Personal Car (BrandX),Personal Care,2024-12-27,0,1,-605.7800000000007
P0096,Impedit Personal Car (BrandX),Personal Care,2024-12-28,0,1,-609.4800000000007
P0096,Impedit Personal Car (BrandX),Personal Care,2024-12-29,0,1,-609.5800000000007
P0096,Impedit Personal Car (BrandX),Personal Care,2024-12-30,0,1,-609.5800000000007
P0097,Iste Cleaning Supplie (BrandX),Cleaning Supplies,2024-12-21,1,1,-606.1700000000002
P0097,Iste Cleaning Supplie (BrandX),Cleaning Supplies,2024-12-22,1,1,-606.2700000000002
P0097,Iste Cleaning Supplie (BrandX),Cleaning Supplies,2024-12-23,1,1,-610.7100000000003
P0097,Iste Cleaning Supplie (BrandX),Cleaning Supplies,2024-12-24,0,1,-610.7100000000003
P0097,Iste Cleaning Supplie (BrandX),Cleaning Supplies,2024-12-25,0,1,-610.8100000000003
P0097,Iste Cleaning Supplie (BrandX),Cleaning Supplies,2024-12-26,0,1,-610.9100000000003
P0097,Iste Cleaning Supplie (BrandX),Cleaning Supplies,2024-12-27,0,1,-610.9100000000003
P0097,Iste Cleaning Supplie (BrandX),Cleaning Supplies,2024-12-28,0,1,-614.2700000000003
P0097,Iste Cleaning Supplie (BrandX),Cleaning Supplies,2024-12-29,0,1,-614.2700000000003
P0097,Iste Cleaning Supplie (BrandX),Cleaning Supplies,2024-12-30,0,1,-614.2700000000003
P0098,Est Snack (BrandX),Snacks,2024-12-21,1,1,-561.5699999999998
P0098,Est Snack (BrandX),Snacks,2024-12-22,1,1,-561.5699999999998
P0098,Est Snack (BrandX),Snacks,2024-12-23,1,1,-561.5699999999998
P0098,Est Snack (BrandX),Snacks,2024-12-24,0,1,-561.5699999999998
P0098,Est Snack (BrandX),Snacks,2024-12-25,0,1,-562.0199999999999
P0098,Est Snack (BrandX),Snacks,2024-12-26,0,1,-562.0199999999999
P0098,Est Snack (BrandX),Snacks,2024-12-27,0,1,-562.0199999999999
P0098,Est Snack (BrandX),Snacks,2024-12-28,0,1,-564.0599999999998
P0098,Est Snack (BrandX),Snacks,2024-12-29,0,1,-564.0599999999998
P0098,Est Snack (BrandX),Snacks,2024-12-30,0,1,-566.4799999999998
P0099,Toor Dal 1kg (BrandX),Staples,2024-12-21,1,1,-625.5299999999999
P0099,Toor Dal 1kg (BrandX),Staples,2024-12-22,1,1,-625.5299999999999
P0099,Toor Dal 1kg (BrandX),Staples,2024-12-23,1,1,-625.5299999999999
P0099,Toor Dal 1kg (BrandX),Staples,2024-12-24,0,1,-625.5299999999999
P0099,Toor Dal 1kg (BrandX),Staples,2024-12-25,0,1,-630.6999999999998
P0099,Toor Dal 1kg (BrandX),Staples,2024-12-26,0,1,-636.2899999999998
P0099,Toor Dal 1kg (BrandX),Staples,2024-12-27,0,1,-642.2699999999999
P0099,Toor Dal 1kg (BrandX),Staples,2024-12-28,0,1,-642.2699999999999
P0099,Toor Dal 1kg (BrandX),Staples,2024-12-29,0,1,-643.8099999999998
P0099,Toor Dal 1kg (BrandX),Staples,2024-12-30,0,1,-643.8099999999998
P0100,Potatoes (BrandX),Vegetables,2024-12-21,1,1,-609.3799999999998
P0100,Potatoes (BrandX),Vegetables,2024-12-22,1,1,-609.3799999999998
P0100,Potatoes (BrandX),Vegetables,2024-12-23,1,1,-616.6299999999998
P0100,Potatoes (BrandX),Vegetables,2024-12-24,0,1,-616.6299999999998
P0100,Potatoes (BrandX),Vegetables,2024-12-25,0,1,-616.6299999999998
P0100,Potatoes (BrandX),Vegetables,2024-12-26,0,1,-616.7899999999997
P0100,Potatoes (BrandX),Vegetables,2024-12-27,0,1,-621.9099999999997
P0100,Potatoes (BrandX),Vegetables,2024-12-28,0,1,-621.9099999999997
P0100,Potatoes (BrandX),Vegetables,2024-12-29,0,1,-626.3499999999998
P0100,Potatoes (BrandX),Vegetables,2024-12-30,0,1,-626.3499999999998
